displacement,cylinders,horsepower,weight,acceleration,model_year,origin_2,origin_3,mpg
1.0901964962218176,1.5271881760636379,1.2658205579326842,0.5528262379412572,-1.319333667435329,-1.6966673021715355,0,0,16.0
-0.9229962312632753,-0.8505148348946818,-0.40863468177349854,-0.9996672929059413,-0.41318225006074033,-1.6966673021715355,0,1,27.0
-0.9813496436541476,-0.8505148348946818,-0.9487815332916221,-1.1247722973103587,0.9279218476536509,1.638975369176518,0,1,37.0
-0.9813496436541476,-0.8505148348946818,-1.1648402738988715,-1.3928544496055386,0.2754928271439467,0.527094478727167,0,1,36.1
-0.7479359940906586,-0.8505148348946818,-0.21958328374215533,-0.3276746978193565,-0.23195196658582257,-0.3068161891098465,1,0,23.0
2.0238510944757735,1.5271881760636379,1.9410041223303387,1.6871116112079747,-1.319333667435329,-1.1407268569468598,0,0,14.0
-1.107782037167704,-0.8505148348946818,-1.3808990145061208,-1.1724313466072795,1.3628745279934533,0.527094478727167,0,1,32.8
-0.9132706625314633,-0.8505148348946818,-1.0298035610193406,-0.7017982348001855,1.8340732650282396,1.3610051465641804,0,0,29.9
-0.9229962312632753,-0.8505148348946818,-0.40863468177349854,-0.8221373342749109,1.2178903012135196,-0.8627566343345221,0,1,20.0
2.305892587698323,1.5271881760636379,2.5621730015761806,2.3626786349918283,-1.5005639509102469,-0.8627566343345221,0,0,12.0
2.0238510944757735,1.5271881760636379,2.3461142609689314,1.6156230372625933,-1.2468415540453623,0.2491242561148291,0,0,15.5
-1.1855865870222004,-1.4449405876342618,-0.08454657086262445,-0.6541391855032647,-1.1381033839604113,1.0830349239518426,0,1,23.7
-0.7382104253588465,-0.8505148348946818,-0.7597301352602788,-0.9663059583980965,-0.05072168311090479,-0.8627566343345221,1,0,24.0
-1.098056468435892,-0.8505148348946818,-1.2188549590506839,-1.363067543794963,1.0729060744335859,0.2491242561148291,1,0,36.0
-0.3491876760863648,0.338336670584478,0.13151216974462496,-0.04648630696752316,-0.05072168311090479,-0.02884596649750869,0,1,19.0
-0.845191681408779,-0.8505148348946818,-1.083818246171153,-1.0056246740680563,-0.34069013667077347,1.638975369176518,0,0,38.0
-0.5534246194544177,-0.8505148348946818,-0.5166640520771233,-0.5290341810988473,0.130508600364013,1.638975369176518,0,0,29.0
0.38022997879953835,0.338336670584478,0.3205635677759682,0.32882870624572896,-0.0869677398058882,0.8050647013395047,0,0,21.5
-0.3491876760863648,-0.8505148348946818,0.050490142016906436,-0.20137821718251608,-0.44942830675572376,1.0830349239518426,0,0,27.9
1.2263544584671862,1.5271881760636379,1.2658205579326842,1.3201369316216838,-0.594412533535658,-1.1407268569468598,0,0,14.0
-0.9132706625314633,-0.8505148348946818,-1.0027962184434345,-1.3928544496055386,-0.44942830675572376,0.527094478727167,0,0,36.1
-0.8160149752133429,-0.8505148348946818,-0.2465906263180615,-0.7029897110326085,0.3117388838389307,-0.8627566343345221,0,1,22.0
0.069011779381553,0.338336670584478,-0.16556859859034298,-0.2323565992255147,-0.05072168311090479,-1.6966673021715355,0,0,18.0
1.0901964962218176,1.5271881760636379,1.2658205579326842,0.8375890574903596,-1.5005639509102469,-1.1407268569468598,0,0,17.0
0.5650157847039672,0.338336670584478,0.050490142016906436,0.5838046199842558,0.130508600364013,-0.3068161891098465,0,0,18.0
2.412873843748255,1.5271881760636379,3.021297825366586,1.6001338462410941,-2.5879456517597537,-1.6966673021715355,0,0,14.0
-0.9229962312632753,-0.8505148348946818,-1.5429430699615578,-1.351152781470733,1.761581151638273,-1.6966673021715355,1,0,26.0
1.5375726578851714,1.5271881760636379,1.2658205579326842,2.061235148188804,-0.41318225006074033,-0.5847864117221843,0,0,13.0
-0.845191681408779,-0.8505148348946818,-0.786737477836185,-0.9281787189605598,-0.5219204201456913,1.3610051465641804,1,0,33.0
-1.0397030560450198,-0.8505148348946818,-1.0298035610193406,-1.1843461089315097,1.3628745279934533,1.3610051465641804,0,1,37.0
-1.1758610182903884,-0.8505148348946818,-1.0298035610193406,-1.34996130523831,1.9428114351131907,-0.5847864117221843,0,1,32.0
-0.825740543945155,-0.8505148348946818,-0.4626493669253109,-0.6017142312766517,-0.05072168311090479,-0.02884596649750869,1,0,28.0
0.7303504531447719,1.5271881760636379,0.59063699353503,0.7577601499180171,-0.23195196658582257,0.8050647013395047,0,0,19.2
-0.9813496436541476,-0.8505148348946818,-0.9757888758675283,-1.1962608712557399,0.021770430279062062,1.638975369176518,0,1,32.0
-0.6895825816997863,-0.8505148348946818,-0.624693422380748,-0.356270127397509,-0.23195196658582257,0.8050647013395047,0,0,27.4
-0.5047967757953575,-0.8505148348946818,-0.3546199966216862,-0.6684369002923409,1.3991205846884374,-1.1407268569468598,0,0,20.0
-0.9327217999950874,-0.8505148348946818,-0.9217741907157159,-0.9293701951929829,0.8554297342636841,-1.1407268569468598,1,0,26.0
0.32187656640866613,0.338336670584478,0.1855268548964373,0.46584847297437654,0.3479849405339148,0.8050647013395047,0,0,20.6
-0.9813496436541476,-0.8505148348946818,-0.9217741907157159,-0.9996672929059413,-0.34069013667077347,0.8050647013395047,1,0,37.3
-0.2811086949636805,0.338336670584478,0.8066957341422794,0.5254222845955276,0.05801648697404613,0.527094478727167,1,0,16.2
1.5375726578851714,1.5271881760636379,1.1307838450531535,1.752642803991241,-0.594412533535658,-0.3068161891098465,0,0,15.0
-0.5047967757953575,-0.8505148348946818,-0.8407521629879974,-0.6767772339193021,1.3991205846884374,-0.8627566343345221,0,0,21.0
0.07873734811336505,0.338336670584478,-0.4896567095012171,-0.4551626546886199,0.130508600364013,-1.6966673021715355,0,0,21.0
0.07873734811336505,0.338336670584478,-0.21958328374215533,0.22159584532765692,0.9279218476536509,0.527094478727167,0,0,20.5
0.069011779381553,0.338336670584478,-0.3546199966216862,-0.3824826045108155,-0.23195196658582257,-1.6966673021715355,0,0,21.0
-0.23248085130462032,0.338336670584478,0.3475709103518744,-0.08223059394021383,-1.101857327265428,1.3610051465641804,0,1,25.4
-0.9813496436541476,-0.8505148348946818,-0.9487815332916221,-1.1724313466072795,0.130508600364013,1.3610051465641804,0,1,34.1
-0.397815519745425,-0.8505148348946818,-0.3546199966216862,-0.022656782319062707,0.6017073373987994,1.638975369176518,0,0,27.0
-0.9132706625314633,-0.8505148348946818,-0.8947668481398097,-1.0056246740680563,0.6017073373987994,1.638975369176518,0,0,36.0
-0.6993081504315983,-0.8505148348946818,-0.786737477836185,-0.3979717955323148,0.964167904348635,1.3610051465641804,0,1,31.6
-1.0008007811177717,-0.8505148348946818,-1.1648402738988715,-1.192686442558471,1.1453981878235526,1.0830349239518426,0,1,38.1
-1.059154193508644,-0.8505148348946818,-1.1378329313229654,-1.150984774423665,1.2178903012135196,-0.5847864117221843,0,1,32.0
-1.0397030560450198,-0.8505148348946818,-1.0298035610193406,-1.0234968175544017,1.2903824146034863,1.0830349239518426,0,1,40.8
0.3899555475313504,0.338336670584478,-0.3546199966216862,0.28831851434334616,0.4929691673138485,-0.3068161891098465,0,0,19.0
-0.7576615628224707,-0.8505148348946818,-0.32761265404578,-0.461120035850735,-0.594412533535658,-0.8627566343345221,1,0,20.0
0.5650157847039672,0.338336670584478,0.050490142016906436,0.4575081393474154,-0.41318225006074033,-0.02884596649750869,0,0,22.0
0.6428203345584635,0.338336670584478,-0.21958328374215533,0.26687194215973176,0.7829376208737172,-0.02884596649750869,0,0,17.5
-1.078605330972268,-0.8505148348946818,-1.1648402738988715,-1.4405134989024595,0.16675465705899706,1.3610051465641804,0,1,35.1
-0.9132706625314633,-0.8505148348946818,-1.083818246171153,-1.09379391526736,0.4929691673138485,0.2491242561148291,0,0,30.5
-0.825740543945155,-0.8505148348946818,-0.7597301352602788,-0.9043491943120994,-0.44942830675572376,1.3610051465641804,0,1,33.7
0.5650157847039672,0.338336670584478,-0.40863468177349854,0.39674285149384125,-0.05072168311090479,-1.4186970795591978,0,0,19.0
1.0707453587581934,1.5271881760636379,0.9957471321736225,1.9885550980109994,0.130508600364013,-0.5847864117221843,0,0,14.0
1.5472982266169835,1.5271881760636379,1.0497618173254348,1.2927329782759542,-0.4856743634507072,0.8050647013395047,0,0,15.5
0.5650157847039672,0.338336670584478,-0.8407521629879974,0.22517027402492598,1.3991205846884374,-0.3068161891098465,0,0,15.0
0.3899555475313504,0.338336670584478,-0.3546199966216862,0.13819250905804534,0.7104455074837503,-0.02884596649750869,0,0,22.5
-1.0397030560450198,-0.8505148348946818,-1.3808990145061208,-1.1128575349861283,2.377764115452993,-0.02884596649750869,0,0,29.0
-0.9229962312632753,-0.8505148348946818,-1.3268843293543084,-0.8519242400854864,2.8489628524877797,-1.1407268569468598,1,0,23.0
-1.1855865870222004,-1.4449405876342618,-0.3546199966216862,-1.0068161503004793,-0.7756428170105759,-0.8627566343345221,0,1,18.0
-0.6798570129679743,-0.8505148348946818,-0.19257594116624915,-0.7971163333940273,-0.05072168311090479,0.2491242561148291,0,0,25.5
-0.7090337191634104,-0.8505148348946818,-0.16556859859034298,-0.5052046564503868,0.4929691673138485,-0.3068161891098465,0,1,24.0
2.5490318059936237,1.5271881760636379,3.1563345382461168,1.650175848002861,-2.4067153682848357,-1.6966673021715355,0,0,14.0
1.5472982266169835,1.5271881760636379,0.9417324470218102,1.174776831266075,-0.8843809870955268,0.8050647013395047,0,0,16.5
-0.5923268943816659,-0.2560890821551019,-0.0035245431349059174,-0.16563393020982542,0.09426254366902956,0.527094478727167,1,0,20.3
-0.8160149752133429,-0.8505148348946818,-0.27359796889396765,-0.6886919962435323,-0.05072168311090479,-0.5847864117221843,0,1,26.0
1.858516426034969,1.5271881760636379,1.8059674094508078,0.7077181481562501,-2.044254801335,-1.6966673021715355,0,0,15.0
-0.9229962312632753,-0.8505148348946818,-0.9757888758675283,-0.9817951494195959,0.8554297342636841,1.0830349239518426,0,1,33.8
2.0238510944757735,1.5271881760636379,1.2658205579326842,2.4162950654508646,-0.594412533535658,-0.8627566343345221,0,0,11.0
-0.9229962312632753,-0.8505148348946818,-0.30060531146987385,-0.8114140481831036,0.4929691673138485,-1.1407268569468598,0,1,28.0
0.32187656640866613,0.338336670584478,-0.08454657086262445,0.7875470557285926,0.7466915641787332,0.2491242561148291,0,0,19.0
-0.9229962312632753,-0.8505148348946818,-0.9757888758675283,-1.1724313466072795,0.2754928271439467,0.2491242561148291,0,1,30.0
-0.49507120706354546,-0.8505148348946818,-0.8677595055639036,0.2632975134624627,3.320161589522566,0.8050647013395047,1,0,27.2
-0.23248085130462032,0.338336670584478,0.45560028065549907,1.0139275398889669,0.3842309972288976,-0.02884596649750869,1,0,16.5
-0.9229962312632753,-0.8505148348946818,-0.7597301352602788,-0.9508167673765973,0.130508600364013,-0.3068161891098465,0,1,29.0
0.6817226094857117,1.5271881760636379,0.1855268548964373,0.30023327666757643,-0.7756428170105759,-0.3068161891098465,0,0,20.0
1.2263544584671862,1.5271881760636379,1.2658205579326842,0.9626940618947769,-1.1381033839604113,-0.8627566343345221,0,0,15.0
1.2263544584671862,1.5271881760636379,0.9957471321736225,1.3237113603189528,-0.703150703620609,0.527094478727167,0,0,17.5
0.32187656640866613,0.338336670584478,-0.21958328374215533,0.9722258717541611,1.2178903012135196,-0.3068161891098465,0,0,18.0
-0.9910752123859596,-0.8505148348946818,-0.7597301352602788,-1.0258797700192477,-0.05072168311090479,-0.5847864117221843,1,0,24.0
0.3899555475313504,0.338336670584478,-0.3546199966216862,0.3526582308941894,0.9279218476536509,0.8050647013395047,0,0,20.2
1.5472982266169835,1.5271881760636379,1.4818792985399338,1.6608991340946682,-0.9568731004854937,-0.8627566343345221,0,0,13.0
1.5375726578851714,1.5271881760636379,1.535893983691746,1.7717064237100093,-0.7756428170105759,-1.1407268569468598,0,0,12.0
-0.3491876760863648,0.338336670584478,0.5096149658073114,-0.19303788355555493,-0.7756428170105759,-0.8627566343345221,0,1,20.0
1.634828345203292,1.5271881760636379,1.9410041223303387,1.0151190161213899,-1.6817942343851646,-0.8627566343345221,0,0,13.0
-0.9229962312632753,-0.8505148348946818,-0.6787081075325603,-0.7971163333940273,-0.41318225006074033,-0.5847864117221843,1,0,26.0
-0.845191681408779,-0.8505148348946818,-0.8947668481398097,-0.9758377682574807,-0.268198023280806,0.8050647013395047,0,0,34.5
0.32187656640866613,0.338336670584478,0.050490142016906436,0.18108565342527416,0.3117388838389307,-0.8627566343345221,0,0,18.0
0.5650157847039672,0.338336670584478,-0.1385612560144368,0.6624420513241752,1.2178903012135196,0.2491242561148291,0,0,18.5
1.5375726578851714,1.5271881760636379,1.4008572708122151,1.8265143304014684,-0.7756428170105759,-1.1407268569468598,0,0,13.0
-0.6895825816997863,-0.8505148348946818,0.2665488826241558,-0.8757537647339468,-1.1381033839604113,-1.6966673021715355,1,0,26.0
0.3899555475313504,0.338336670584478,-0.08454657086262445,0.38006218423991894,-0.05072168311090479,-1.4186970795591978,0,0,18.0
-1.1272331746313282,-0.8505148348946818,-1.3808990145061208,-1.572767360701415,0.3117388838389307,-0.5847864117221843,0,1,31.0
-0.6895825816997863,-0.8505148348946818,0.1855268548964373,-0.36818488972173924,-0.594412533535658,-0.8627566343345221,1,0,24.0
2.305892587698323,1.5271881760636379,2.8322464273352423,1.9825977168488842,-1.6817942343851646,-1.1407268569468598,0,0,11.0
1.2263544584671862,1.5271881760636379,0.9957471321736225,0.91265206013301,-0.8843809870955268,0.527094478727167,0,0,19.4
-0.7090337191634104,-0.8505148348946818,-0.08454657086262445,-0.42180132018077526,-0.30444407997578943,1.3610051465641804,0,1,32.9
-1.0008007811177717,-0.8505148348946818,-0.8677595055639036,-1.1664739654451644,-0.268198023280806,0.527094478727167,1,0,31.5
0.32187656640866613,0.338336670584478,-0.3546199966216862,0.49086947385526003,1.1091521311285686,1.0830349239518426,0,0,19.1
0.07873734811336505,0.338336670584478,-0.5976860798048418,0.05121474409116469,0.7104455074837503,-0.02884596649750869,0,0,24.0
0.05928621064974097,0.338336670584478,-0.21958328374215533,0.1584476050092367,0.3117388838389307,-0.5847864117221843,0,0,20.0
-0.9910752123859596,-0.8505148348946818,-0.7597301352602788,-1.0056246740680563,-0.41318225006074033,-0.5847864117221843,0,0,28.0
-0.9229962312632753,-0.8505148348946818,-0.6787081075325603,-1.2260477770663154,-0.41318225006074033,0.2491242561148291,1,0,29.0
1.0901964962218176,1.5271881760636379,1.2658205579326842,0.8375890574903596,-1.5005639509102469,-0.8627566343345221,0,0,14.0
-0.6798570129679743,-0.8505148348946818,-0.40863468177349854,-0.5588210869094229,-0.19570590989083914,1.0830349239518426,1,0,35.0
-0.9229962312632753,-0.8505148348946818,-0.8677595055639036,-1.363067543794963,-1.2468415540453623,-0.02884596649750869,1,0,29.5
-0.5047967757953575,-0.8505148348946818,-0.2600942976060146,-0.07627321277809872,-0.4856743634507072,1.0830349239518426,0,0,23.6
1.2263544584671862,1.5271881760636379,1.1307838450531535,1.3951999342643342,-0.703150703620609,0.2491242561148291,0,0,15.5
0.38022997879953835,0.338336670584478,0.050490142016906436,0.489677997622837,0.05801648697404613,0.527094478727167,0,0,20.6
-0.845191681408779,-0.8505148348946818,-0.8947668481398097,-0.9162639566363296,-0.8843809870955268,0.8050647013395047,0,0,34.2
-0.7382104253588465,-0.8505148348946818,-0.5976860798048418,-0.8924344319878692,0.45672311061886445,-0.02884596649750869,1,0,25.0
-0.6895825816997863,-0.2560890821551019,-0.9757888758675283,-0.022656782319062707,1.544104811468371,1.0830349239518426,1,0,36.4
-0.5047967757953575,-0.8505148348946818,-0.40863468177349854,-0.09414535626444406,0.6017073373987994,0.8050647013395047,0,0,22.3
-0.6993081504315983,-0.8505148348946818,-0.40863468177349854,0.3586156120563045,2.269025945368042,-0.02884596649750869,1,0,19.0
0.07873734811336505,0.338336670584478,-0.4896567095012171,0.025002266977858196,0.9279218476536509,0.8050647013395047,0,0,19.8
-1.098056468435892,-0.8505148348946818,-0.9757888758675283,-1.2141330147420852,1.2178903012135196,-0.5847864117221843,0,1,31.0
1.5375726578851714,1.5271881760636379,1.670930696571277,1.4774117943015226,-1.319333667435329,-1.4186970795591978,0,0,14.0
1.440316970567051,1.5271881760636379,1.535893983691746,0.7625260548477092,-2.769175935234671,-1.6966673021715355,0,0,14.0
-0.9910752123859596,-0.8505148348946818,-1.4889283848097457,-0.7554146652592216,2.9214549658777464,1.0830349239518426,1,0,43.4
-0.9132706625314633,-0.8505148348946818,-0.6517007649566541,-0.8507327638530634,0.7466915641787332,-0.02884596649750869,0,0,26.0
-1.0397030560450198,-0.8505148348946818,-0.8947668481398097,-1.2200903959042004,0.4204770539238817,0.2491242561148291,0,1,33.5
-0.6798570129679743,-0.8505148348946818,-0.4896567095012171,-0.7852015710697972,1.0366600177386018,-0.8627566343345221,0,0,19.0
-0.6895825816997863,-0.8505148348946818,-0.1385612560144368,-0.028614163481177818,-0.41318225006074033,-0.3068161891098465,1,0,22.0
-0.7090337191634104,-0.8505148348946818,-0.16556859859034298,-0.7971163333940273,-0.34069013667077347,0.527094478727167,0,1,27.2
-0.23248085130462032,0.338336670584478,0.7796883915663732,-0.0703158316159836,-1.5368100076052305,1.0830349239518426,0,1,32.7
-1.2050377244858246,-0.8505148348946818,-1.4619210422338393,-1.3130255420331962,1.3991205846884374,-0.8627566343345221,1,0,29.0
0.32187656640866613,0.338336670584478,-0.4896567095012171,0.5909534773787939,0.3479849405339148,1.3610051465641804,0,0,17.6
-0.397815519745425,-0.8505148348946818,-0.2600942976060146,0.07861869743689422,1.761581151638273,1.638975369176518,0,0,23.0
-0.8160149752133429,-0.8505148348946818,-0.8947668481398097,-0.8626475261772936,0.45672311061886445,1.638975369176518,0,1,34.0
1.0707453587581934,1.5271881760636379,0.6986663638386547,0.9007372978087798,-0.8118888737055593,0.8050647013395047,0,0,17.6
-0.4561689321362973,0.338336670584478,-0.7327227926843727,0.22755322648977203,1.4353666413834214,1.3610051465641804,1,0,30.7
0.38022997879953835,0.338336670584478,0.1855268548964373,0.0833846023665863,-0.23195196658582257,-0.3068161891098465,0,0,21.0
-0.9813496436541476,-0.8505148348946818,-0.9757888758675283,-1.1605165842830492,0.20300071375397982,1.638975369176518,0,1,38.0
1.0707453587581934,1.5271881760636379,0.9957471321736225,1.3963914104967572,-0.594412533535658,-0.5847864117221843,0,0,16.0
0.5650157847039672,0.338336670584478,-0.8407521629879974,0.5516347617088342,1.9428114351131907,-0.3068161891098465,0,0,15.0
0.32187656640866613,0.338336670584478,-0.08454657086262445,0.8125680566094761,0.7466915641787332,-0.02884596649750869,0,0,20.0
-0.9910752123859596,-0.8505148348946818,-0.8947668481398097,-1.2296222057635846,-0.5219204201456913,-0.02884596649750869,1,0,29.0
-0.46589450086810935,-0.8505148348946818,-0.19257594116624915,-0.36222750855962416,-0.6306585902306415,1.638975369176518,0,1,32.0
1.2263544584671862,1.5271881760636379,1.2658205579326842,0.5564006666385263,-1.6817942343851646,-1.6966673021715355,0,0,18.0
-1.0397030560450198,-0.8505148348946818,-0.8947668481398097,-1.1664739654451644,0.4929691673138485,-0.02884596649750869,0,1,32.0
1.5375726578851714,1.5271881760636379,1.1307838450531535,1.3260943127837987,-0.9568731004854937,-0.8627566343345221,0,0,15.0
1.5472982266169835,1.5271881760636379,1.2388132153567781,1.6275377995868234,-0.41318225006074033,0.2491242561148291,0,0,16.0
-0.7771127002860947,-0.8505148348946818,-0.40863468177349854,-0.6839260913138402,0.8554297342636841,1.638975369176518,0,0,34.0
1.1193732024172536,1.5271881760636379,2.616187686727993,1.6763883251161675,-0.23195196658582257,-1.6966673021715355,0,0,10.0
-0.6895825816997863,-0.8505148348946818,0.23954154004824965,-0.12035783337775055,-0.05072168311090479,-0.8627566343345221,1,0,19.0
-0.397815519745425,-0.8505148348946818,-0.3546199966216862,-0.356270127397509,0.130508600364013,0.8050647013395047,0,0,28.4
1.0707453587581934,1.5271881760636379,0.7256737064145609,1.5798787502899025,-0.268198023280806,0.2491242561148291,0,0,15.0
-0.9229962312632753,-0.8505148348946818,-0.9757888758675283,-1.0771132480134378,0.7829376208737172,1.3610051465641804,0,1,32.3
-0.9132706625314633,-0.8505148348946818,-0.9487815332916221,-0.9698803870953656,0.3117388838389307,0.527094478727167,0,0,30.0
-0.5047967757953575,-0.8505148348946818,-0.40863468177349854,-0.1179748809129045,0.8916757909586681,1.0830349239518426,0,0,26.4
-0.5534246194544177,-0.8505148348946818,-0.5166640520771233,-0.6958408536380705,-0.993119157180477,1.3610051465641804,0,0,30.0
0.3899555475313504,0.338336670584478,-0.08454657086262445,-0.0810391177077908,0.130508600364013,-0.5847864117221843,0,0,19.0
1.0707453587581934,1.5271881760636379,0.9957471321736225,1.5786872740574796,0.130508600364013,-1.1407268569468598,0,0,13.0
-0.8160149752133429,-0.8505148348946818,-0.7597301352602788,-0.8388180015288331,-0.1594598531958557,1.0830349239518426,0,1,32.2
-0.9229962312632753,-0.8505148348946818,-0.40863468177349854,-0.9996672929059413,-0.41318225006074033,-1.4186970795591978,0,1,27.0
-0.9132706625314633,-0.8505148348946818,-0.624693422380748,-0.9591571010035584,-0.23195196658582257,-1.1407268569468598,0,0,28.0
-0.9813496436541476,-0.8505148348946818,-0.9757888758675283,-1.3332806379843876,-0.6669046469256249,1.0830349239518426,0,1,44.6
0.3899555475313504,0.338336670584478,-0.08454657086262445,-0.21448445573916933,-0.23195196658582257,-0.8627566343345221,0,0,18.0
-1.0397030560450198,-0.8505148348946818,-0.8947668481398097,-1.0711558668513226,1.0729060744335859,0.527094478727167,0,1,39.4
-0.5047967757953575,-0.8505148348946818,-0.40863468177349854,-0.2966963157763579,-0.0869677398058882,0.527094478727167,0,0,25.1
0.5650157847039672,0.338336670584478,-0.08454657086262445,0.967459966824469,0.4929691673138485,-0.5847864117221843,0,0,16.0
-0.9910752123859596,-0.8505148348946818,-1.4889283848097457,-1.1724313466072795,2.1240417185881086,0.527094478727167,1,0,43.1
-0.5047967757953575,-0.8505148348946818,-0.30060531146987385,-0.47303479817496524,-0.268198023280806,-0.02884596649750869,0,0,25.0
1.5375726578851714,1.5271881760636379,1.4008572708122151,1.6573247053973992,-0.268198023280806,0.8050647013395047,0,0,16.9
2.0238510944757735,1.5271881760636379,1.9410041223303387,2.5866761666873566,-1.319333667435329,-1.4186970795591978,0,0,13.0
0.07873734811336505,0.338336670584478,-0.40863468177349854,0.10840560324746977,0.5292152240088326,1.3610051465641804,0,0,20.2
1.5472982266169835,1.5271881760636379,1.346842585660403,1.3820936957076808,-0.9568731004854937,-1.1407268569468598,0,0,14.0
-0.7090337191634104,-0.8505148348946818,-0.30060531146987385,-0.6374585182493423,-0.23195196658582257,1.0830349239518426,0,1,37.0
1.5375726578851714,1.5271881760636379,1.9410041223303387,1.3475408849674133,-0.9568731004854937,-0.8627566343345221,0,0,13.0
-0.6895825816997863,-0.8505148348946818,0.1855268548964373,-0.4396734636671206,-1.0293652138754605,0.2491242561148291,1,0,21.5
-0.8840939563360272,-0.8505148348946818,-0.5436713946530294,-0.9138810041714835,-0.12321379650087164,-0.02884596649750869,1,0,27.0
1.5472982266169835,1.5271881760636379,1.211805872780872,2.0111931464270367,-0.7756428170105759,-0.3068161891098465,0,0,14.0
2.0238510944757735,1.5271881760636379,1.2658205579326842,0.9436304421760086,-2.225485084809918,-1.6966673021715355,0,0,15.0
0.5650157847039672,0.338336670584478,-0.08454657086262445,0.4289127097692628,-0.05072168311090479,-1.4186970795591978,0,0,17.0
1.0901964962218176,1.5271881760636379,2.4271362886966497,2.1005538638587633,1.0366600177386018,-1.6966673021715355,0,0,9.0
-0.5047967757953575,-0.8505148348946818,-0.6787081075325603,-0.4492052735265048,1.0366600177386018,-0.3068161891098465,0,0,23.0
-1.098056468435892,-0.8505148348946818,-0.9757888758675283,-1.1986438237205859,-0.05072168311090479,-0.5847864117221843,1,0,26.0
-0.9229962312632753,-0.8505148348946818,-0.6787081075325603,-0.9305616714254059,0.05801648697404613,1.0830349239518426,1,0,34.3
-0.3491876760863648,-0.8505148348946818,0.050490142016906436,-0.26690940996578233,0.3842309972288976,0.527094478727167,0,0,23.2
1.0999220649536294,1.5271881760636379,1.1307838450531535,1.0854161138343483,-1.1381033839604113,0.2491242561148291,0,0,17.5
2.5587573747254355,1.5271881760636379,3.2913712511256477,2.3614871587594055,-1.6817942343851646,-0.8627566343345221,0,0,12.0
-1.098056468435892,-0.8505148348946818,-0.8947668481398097,-1.0663899619216304,1.3991205846884374,-1.4186970795591978,1,0,30.0
-0.9229962312632753,-0.8505148348946818,-0.6787081075325603,-0.9281787189605598,-0.5581664768406747,0.2491242561148291,1,0,30.5
-0.08659732032743966,-0.2560890821551019,-0.7057154501084665,0.6683994324862904,1.6165969248583392,0.8050647013395047,1,0,25.4
-0.9910752123859596,-0.8505148348946818,-1.4889283848097457,-1.0532837233649772,2.1965338319780754,1.0830349239518426,1,0,44.3
-0.6993081504315983,-0.8505148348946818,-0.40863468177349854,-0.014316448692101549,0.4929691673138485,-0.3068161891098465,1,0,23.0
1.2263544584671862,1.5271881760636379,1.2658205579326842,1.342774980037721,-0.9568731004854937,-1.4186970795591978,0,0,14.0
-1.0008007811177717,-0.8505148348946818,-1.110825588747059,-1.3392380191465025,-0.12321379650087164,1.0830349239518426,1,0,29.8
-0.5047967757953575,-0.8505148348946818,-0.8407521629879974,-0.48137513180192637,-0.7393967603155924,-0.02884596649750869,0,0,26.5
0.07873734811336505,0.338336670584478,-0.4896567095012171,-0.004784638832717367,0.05801648697404613,0.527094478727167,0,0,20.2
0.6817226094857117,0.338336670584478,-0.4896567095012171,0.05478917278843376,0.4929691673138485,1.638975369176518,0,0,38.0
1.0707453587581934,1.5271881760636379,0.9957471321736225,0.5718898576600255,-1.8630245178600824,-1.6966673021715355,0,0,17.0
0.32187656640866613,0.338336670584478,-0.08454657086262445,0.5492518092439881,0.5654612807038154,0.527094478727167,0,0,20.5
-0.8160149752133429,-0.8505148348946818,-0.7597301352602788,-0.7375425217728763,0.4204770539238817,1.3610051465641804,0,1,32.4
0.5650157847039672,0.338336670584478,-0.40863468177349854,0.06193803018297189,0.3117388838389307,-0.8627566343345221,0,0,18.0
0.38022997879953835,0.338336670584478,0.050490142016906436,0.543294428081873,0.45672311061886445,0.2491242561148291,0,0,20.5
-0.3491876760863648,-0.8505148348946818,-0.30060531146987385,-0.4158439390186601,-0.44942830675572376,1.3610051465641804,0,0,25.8
1.5375726578851714,1.5271881760636379,1.1307838450531535,1.2939244545083772,-1.319333667435329,-0.02884596649750869,0,0,13.0
-0.5631501881862297,-0.8505148348946818,-0.19257594116624915,-0.3181428879599723,-0.7756428170105759,-0.3068161891098465,0,1,24.0
0.5650157847039672,0.338336670584478,-0.08454657086262445,0.36814742191568867,0.8554297342636841,-0.8627566343345221,0,0,16.0
1.2263544584671862,1.5271881760636379,1.2658205579326842,0.9364815847814705,-0.594412533535658,-0.02884596649750869,0,0,13.0
-0.6798570129679743,-0.8505148348946818,-0.4626493669253109,-0.885285574593331,0.3117388838389307,-1.1407268569468598,0,0,21.0
0.5650157847039672,0.338336670584478,-0.08454657086262445,0.37291332684538075,-0.23195196658582257,-1.4186970795591978,0,0,19.0
-0.9132706625314633,-0.8505148348946818,-0.2600942976060146,-1.0997512964294751,1.2178903012135196,-1.4186970795591978,0,0,25.0
-0.5631501881862297,-0.8505148348946818,-0.21958328374215533,-0.4873325129640415,-0.5219204201456913,0.527094478727167,0,1,27.5
0.5650157847039672,0.338336670584478,-0.6787081075325603,0.7208243867129034,1.9428114351131907,-0.02884596649750869,0,0,18.0
-0.8938195250678392,-0.8505148348946818,-0.2600942976060146,-0.7732868087455669,0.05801648697404613,1.3610051465641804,1,0,34.5
1.2263544584671862,1.5271881760636379,2.886261112487055,1.6835371825107055,-0.7756428170105759,-1.6966673021715355,0,0,11.0
-0.9132706625314633,-0.8505148348946818,-0.8947668481398097,-1.0115820552301715,-0.05072168311090479,1.0830349239518426,0,0,32.1
1.5375726578851714,1.5271881760636379,1.8059674094508078,1.4249868400749097,-1.5368100076052305,0.2491242561148291,0,0,15.5
0.32187656640866613,0.338336670584478,0.1855268548964373,0.7756322934043625,1.1091521311285686,0.527094478727167,0,0,18.6
1.2263544584671862,1.5271881760636379,0.8607104192940916,1.025842302213197,-0.1594598531958557,0.8050647013395047,0,0,18.2
0.6428203345584635,0.338336670584478,0.1855268548964373,0.9066946789708948,1.2178903012135196,-0.3068161891098465,0,0,15.0
-0.5534246194544177,-0.8505148348946818,-0.5166640520771233,-0.5707358492336531,0.021770430279062062,1.3610051465641804,0,0,27.2
1.2263544584671862,1.5271881760636379,1.2658205579326842,1.7728978999424323,-0.7756428170105759,-0.5847864117221843,0,0,14.0
1.5375726578851714,1.5271881760636379,1.670930696571277,1.5548577494090192,-1.319333667435329,-1.1407268569468598,0,0,13.0
0.32187656640866613,0.338336670584478,0.050490142016906436,0.7672919597774013,0.3117388838389307,-0.5847864117221843,0,0,18.0
0.5650157847039672,0.338336670584478,-0.08454657086262445,0.437253043396224,0.4929691673138485,-0.5847864117221843,0,0,15.0
2.5587573747254355,1.5271881760636379,3.2913712511256477,1.7347706605048956,-2.044254801335,-1.6966673021715355,0,0,14.0
1.2263544584671862,1.5271881760636379,1.2658205579326842,1.389242553102219,-0.7756428170105759,-1.1407268569468598,0,0,15.0
0.6622714720220876,1.5271881760636379,-0.3546199966216862,0.5373370469197579,2.377764115452993,0.8050647013395047,0,0,23.9
-0.7673871315542826,-0.8505148348946818,-0.21958328374215533,-0.7113300446595697,-0.23195196658582257,-1.6966673021715355,0,1,24.0
2.0238510944757735,1.5271881760636379,1.8059674094508078,2.02429938498369,-1.5005639509102469,-0.3068161891098465,0,0,16.0
1.5472982266169835,1.5271881760636379,1.346842585660403,1.4118806015182563,-0.7756428170105759,-1.4186970795591978,0,0,14.0
1.5375726578851714,1.5271881760636379,0.050490142016906436,0.9007372978087798,1.2178903012135196,1.3610051465641804,0,0,26.6
-1.0299774873132077,-0.8505148348946818,-1.0298035610193406,-1.0234968175544017,0.8191836775687,1.0830349239518426,0,1,46.6
-0.9132706625314633,-0.8505148348946818,-0.9487815332916221,-1.100942772661898,1.0366600177386018,0.2491242561148291,0,1,31.5
-0.9132706625314633,-0.8505148348946818,-0.9487815332916221,-0.9937099117438261,0.3479849405339148,0.527094478727167,0,1,29.5
-0.7771127002860947,-0.8505148348946818,-0.40863468177349854,-0.3920144143701997,1.0729060744335859,1.638975369176518,0,0,27.0
-0.5047967757953575,-0.8505148348946818,-0.3816273391975924,-0.2549946476415521,0.05801648697404613,0.2491242561148291,0,0,25.5
-0.6020524631134779,-0.8505148348946818,-0.03053188571081209,0.2156384641655418,0.021770430279062062,-0.02884596649750869,1,0,20.0
1.5375726578851714,1.5271881760636379,2.0760408352098696,1.6811542300458595,-1.2830876107403457,-0.02884596649750869,0,0,16.5
-0.9132706625314633,-0.8505148348946818,-0.624693422380748,-1.2558346828768912,-0.44942830675572376,0.8050647013395047,0,0,35.7
-0.44644336340448526,0.338336670584478,0.45560028065549907,-0.04648630696752316,-0.6669046469256249,1.3610051465641804,0,1,24.2
1.0707453587581934,1.5271881760636379,0.9687397895977163,0.7160584817832113,-1.0293652138754605,0.527094478727167,0,0,20.2
-0.3491876760863648,-0.8505148348946818,-0.30060531146987385,-0.4575456071534659,-0.41318225006074033,1.638975369176518,0,0,26.0
0.38022997879953835,0.338336670584478,0.1855268548964373,0.5313796657576427,0.05801648697404613,1.3610051465641804,0,0,22.4
-1.0397030560450198,-0.8505148348946818,-1.0298035610193406,-1.1307296784724736,1.2903824146034863,0.8050647013395047,0,1,31.8
-0.845191681408779,-0.8505148348946818,-0.7597301352602788,-0.8805196696636389,-0.41318225006074033,0.527094478727167,0,0,30.9
0.5650157847039672,0.338336670584478,0.1855268548964373,0.805419199214938,0.20300071375397982,-0.02884596649750869,0,0,18.5
0.5650157847039672,0.338336670584478,0.050490142016906436,1.1056712097855397,1.0366600177386018,-0.3068161891098465,0,0,16.0
2.0238510944757735,1.5271881760636379,1.8059674094508078,2.1172345311126857,-1.319333667435329,-1.4186970795591978,0,0,13.0
-0.7868382690179068,-0.8505148348946818,-0.624693422380748,-0.9698803870953656,-0.30444407997578943,0.2491242561148291,0,0,30.0
1.5472982266169835,1.5271881760636379,1.3198352430844966,1.4845606516960608,-1.0293652138754605,-0.02884596649750869,0,0,14.5
-0.9132706625314633,-0.8505148348946818,-0.7327227926843727,-0.9829866256520189,-0.34069013667077347,1.0830349239518426,1,0,41.5
0.07873734811336505,0.338336670584478,-0.4896567095012171,0.1203203655717,0.3842309972288976,0.527094478727167,0,0,20.8
1.634828345203292,1.5271881760636379,1.8059674094508078,2.0076187177297675,-0.9568731004854937,-0.8627566343345221,0,0,13.0
-1.1758610182903884,-0.8505148348946818,-1.0298035610193406,-1.4250243078809604,1.2178903012135196,-1.4186970795591978,0,1,31.0
1.5375726578851714,1.5271881760636379,1.670930696571277,0.862610058371243,-1.5005639509102469,-1.6966673021715355,0,0,15.0
-0.6798570129679743,-0.8505148348946818,-0.4626493669253109,-0.8924344319878692,-0.594412533535658,-1.4186970795591978,0,0,23.0
-0.6798570129679743,-0.8505148348946818,-0.4626493669253109,-0.6839260913138402,0.130508600364013,-1.1407268569468598,0,0,22.0
-0.9229962312632753,-0.8505148348946818,-0.7597301352602788,-0.9698803870953656,0.2754928271439467,-0.02884596649750869,0,1,28.0
0.32187656640866613,0.338336670584478,0.050490142016906436,0.5599750953357954,-0.05072168311090479,-1.4186970795591978,0,0,16.0
0.38022997879953835,0.338336670584478,1.670930696571277,0.5671239527303334,-0.8118888737055593,0.527094478727167,0,0,17.7
2.0238510944757735,1.5271881760636379,1.2658205579326842,1.7812382335693935,-1.319333667435329,-0.8627566343345221,0,0,13.0
-0.397815519745425,-0.8505148348946818,-0.5166640520771233,-0.3979717955323148,0.2754928271439467,1.3610051465641804,0,0,26.6
-1.0105263498495838,-0.8505148348946818,-0.7327227926843727,-1.0771132480134378,-0.41318225006074033,-1.4186970795591978,1,0,30.0
1.0707453587581934,1.5271881760636379,0.9687397895977163,0.281169656948808,-1.6093021209951979,0.527094478727167,0,0,18.1
-0.44644336340448526,0.338336670584478,-0.16556859859034298,-0.18350607369617075,-0.41318225006074033,0.2491242561148291,0,1,22.0
2.5587573747254355,1.5271881760636379,3.2913712511256477,0.13938398529046836,-2.044254801335,-1.6966673021715355,0,0,14.0
-0.397815519745425,-0.8505148348946818,-0.3546199966216862,0.04049145799935749,1.6165969248583392,1.0830349239518426,0,0,24.3
1.0707453587581934,1.5271881760636379,0.914725104445904,1.2784352634868779,-0.41318225006074033,-0.8627566343345221,0,0,14.0
-0.7090337191634104,-0.8505148348946818,-0.16556859859034298,-0.67201132898961,-0.268198023280806,0.527094478727167,0,1,23.9
1.0707453587581934,1.5271881760636379,0.6986663638386547,0.23827651258157923,-1.319333667435329,-0.3068161891098465,0,0,13.0
-0.44644336340448526,-0.8505148348946818,-0.9757888758675283,0.33478608740784405,2.2327798886730594,1.0830349239518426,1,0,30.0
-0.5534246194544177,-0.8505148348946818,-0.5166640520771233,-0.7137129971244158,-0.9568731004854937,1.638975369176518,0,0,36.0
0.6428203345584635,0.338336670584478,0.1855268548964373,0.7899300081934387,0.8554297342636841,-0.5847864117221843,0,0,16.0
-0.1838530076455601,0.338336670584478,0.3205635677759682,-0.4456308448292357,-1.5730560643002138,0.8050647013395047,0,0,28.8
-0.825740543945155,-0.8505148348946818,-0.7597301352602788,-0.9103065754742146,-0.41318225006074033,1.638975369176518,0,1,36.0
-0.6993081504315983,-0.8505148348946818,-0.7597301352602788,-0.5087790851476559,0.6741994507887663,1.0830349239518426,0,1,31.3
-1.0883308997040801,-1.4449405876342618,0.1855268548964373,-0.2966963157763579,-0.7756428170105759,0.2491242561148291,0,1,21.5
-1.1661354495585763,-0.8505148348946818,-0.9217741907157159,-1.615660505068644,0.8554297342636841,-1.4186970795591978,0,1,35.0
-0.7382104253588465,-0.8505148348946818,-0.3546199966216862,-1.0080076265329023,-0.594412533535658,-1.4186970795591978,1,0,28.0
-0.20330414510918418,0.338336670584478,-0.16556859859034298,0.01785340958332006,-0.41318225006074033,-0.3068161891098465,0,0,18.0
1.0901964962218176,1.5271881760636379,0.45560028065549907,1.183117164893036,-0.6306585902306415,-0.02884596649750869,0,0,15.5
-0.5534246194544177,-0.8505148348946818,-0.5166640520771233,-0.8030737145561425,-1.4643178942152635,1.638975369176518,0,0,32.0
1.0999220649536294,1.5271881760636379,0.9957471321736225,1.4845606516960608,-0.9568731004854937,-0.02884596649750869,0,0,17.5
0.3899555475313504,0.338336670584478,-0.08454657086262445,-0.06554992668629152,0.130508600364013,-0.3068161891098465,0,0,20.0
-0.9181334468973693,-0.8505148348946818,-0.624693422380748,-1.0044331978356333,0.4929691673138485,-1.1407268569468598,0,0,25.0
0.5650157847039672,0.338336670584478,-0.40863468177349854,0.20253222560888856,-0.41318225006074033,-1.4186970795591978,0,0,18.0
-1.0299774873132077,-0.8505148348946818,-1.0568109035952467,-1.303493732173812,0.2754928271439467,1.3610051465641804,0,0,39.0
-0.9229962312632753,-0.8505148348946818,-0.7597301352602788,-0.8388180015288331,0.9279218476536509,0.2491242561148291,0,1,26.0
0.38022997879953835,0.338336670584478,0.050490142016906436,0.6743568136484055,1.2903824146034863,0.527094478727167,0,0,19.2
-0.825740543945155,-0.8505148348946818,-0.3546199966216862,-0.6422244231790344,-0.41318225006074033,-1.6966673021715355,1,0,24.0
-0.397815519745425,-0.8505148348946818,-0.3546199966216862,-0.34673831753812484,0.3117388838389307,1.0830349239518426,0,0,28.0
0.38022997879953835,0.338336670584478,0.1855268548964373,1.1175859721097698,1.9428114351131907,-0.3068161891098465,0,0,17.0
-0.6895825816997863,-0.8505148348946818,0.3205635677759682,-0.2073355983446312,0.021770430279062062,0.527094478727167,1,0,21.6
0.32187656640866613,0.338336670584478,-0.08454657086262445,0.3145309914566527,-0.0869677398058882,-0.02884596649750869,0,0,22.0
-1.0008007811177717,-0.8505148348946818,-0.8677595055639036,-1.2439199205526608,-0.594412533535658,0.8050647013395047,1,0,31.9
-1.098056468435892,-0.8505148348946818,-1.2188549590506839,-1.4464708800645747,0.45672311061886445,1.3610051465641804,0,1,39.1
0.3899555475313504,0.338336670584478,-0.3546199966216862,0.28712703811092316,0.5654612807038154,0.527094478727167,0,0,19.4
-0.397815519745425,-0.8505148348946818,-0.3546199966216862,-0.4920984178937336,-0.8843809870955268,0.8050647013395047,0,0,33.5
-0.6993081504315983,-0.8505148348946818,-0.16556859859034298,-0.571927325466076,-0.23195196658582257,-0.5847864117221843,0,1,24.0
-0.6798570129679743,-0.8505148348946818,-0.624693422380748,-0.617203422298151,0.3117388838389307,-0.5847864117221843,0,0,26.0
-1.098056468435892,-0.8505148348946818,-0.9757888758675283,-1.1545592031209342,0.130508600364013,-0.5847864117221843,1,0,31.0
-0.49507120706354546,-0.8505148348946818,-0.624693422380748,0.3109565627593836,1.7253350949432888,1.3610051465641804,1,0,28.1
0.3899555475313504,0.338336670584478,-0.08454657086262445,-0.028614163481177818,0.130508600364013,-0.8627566343345221,0,0,18.0
-0.397815519745425,-0.8505148348946818,-0.3546199966216862,-0.27882417229001255,0.8554297342636841,1.638975369176518,0,0,27.0
1.5375726578851714,1.5271881760636379,1.1307838450531535,1.2140955469360346,-0.9568731004854937,-0.8627566343345221,0,0,13.0
-1.0397030560450198,-0.8505148348946818,-0.2600942976060146,-1.351152781470733,0.6017073373987994,1.0830349239518426,1,0,40.9
1.0707453587581934,1.5271881760636379,0.7256737064145609,1.073501351510118,-0.23195196658582257,-0.02884596649750869,0,0,13.0
1.2263544584671862,1.5271881760636379,1.2658205579326842,0.5123160460388744,-1.6817942343851646,-0.8627566343345221,0,0,15.0
-0.7090337191634104,-0.8505148348946818,-0.5706787372289356,-0.2966963157763579,1.3628745279934533,1.638975369176518,0,0,31.0
-0.7965638377497187,-0.8505148348946818,-0.43564202434940474,-0.353887174932663,0.6741994507887663,-1.6966673021715355,1,0,25.0
1.2263544584671862,1.5271881760636379,1.2658205579326842,1.4547737458854852,-0.9568731004854937,-0.02884596649750869,0,0,16.0
-1.1855865870222004,-1.4449405876342618,-0.16556859859034298,-0.7613720464213367,-0.7756428170105759,-1.1407268569468598,0,1,19.0
1.5375726578851714,1.5271881760636379,2.0760408352098696,1.8229399017041992,-1.1381033839604113,-0.8627566343345221,0,0,12.0
-0.5631501881862297,-0.8505148348946818,-0.21958328374215533,-0.5409489434230775,-0.30444407997578943,0.527094478727167,0,1,21.1
-1.0008007811177717,-0.8505148348946818,-1.110825588747059,-1.094985391499783,0.6017073373987994,1.3610051465641804,0,1,37.7
-0.9229962312632753,-0.8505148348946818,-1.5429430699615578,-1.2141330147420852,1.9428114351131907,-0.8627566343345221,1,0,26.0
